{
  "backend": "postgres",
  "mode": "mixed",
  "correct": true,
  "options": {
    "mode": "mixed",
    "workflows": 1000,
    "workflowOffset": 0,
    "workers": 10,
    "shards": 100,
    "physicalPartitions": 16,
    "activationConcurrency": 8,
    "activationPrefetchLimit": 32,
    "activityDelayMs": 0,
    "batch": 32,
    "activityCompletionBatch": 32,
    "maxRounds": 10000,
    "keepDb": false,
    "postgresPoolSize": 24,
    "json": true
  },
  "elapsedMs": 10886.537750000001,
  "setupMs": 3376.7956670000003,
  "processingMs": 7056.085290999999,
  "verifyMs": 453.656792,
  "rounds": 8,
  "activations": 7891,
  "completedWorkflows": 1000,
  "mixedActions": 8000,
  "activationsPerSecond": 724.8401816270742,
  "mixedActionsPerSecond": 734.8525475879602,
  "workflowsPerSecond": 91.85656844849503,
  "processingActivationsPerSecond": 1118.3254842546942,
  "processingMixedActionsPerSecond": 1133.773143332601,
  "processingWorkflowsPerSecond": 141.72164291657512,
  "counters": {
    "workflowStarts": 1000,
    "signals": 1000,
    "childStarts": 1000,
    "childCompletions": 1000,
    "timerHandlers": 1000,
    "bootActivities": 1000,
    "childActivities": 1000,
    "finishActivities": 1000,
    "workflowTasks": 7891,
    "activityTasks": 3000,
    "timersFired": 1000,
    "activitiesTimedOut": 0,
    "childWorkflowStartsDispatched": 0
  },
  "workerStats": {
    "workflowTasks": 7891,
    "activityTasks": 3000,
    "timersFired": 1000,
    "activitiesTimedOut": 0,
    "childWorkflowStartsDispatched": 0
  },
  "backendMetrics": {
    "workflowTaskCommitLatency": {
      "samples": 1060,
      "p50Ms": 33.01975,
      "p95Ms": 62.734833,
      "p99Ms": 84.103542,
      "maxMs": 126.172583
    },
    "operations": {
      "claim_activity_tasks": {
        "calls": 1118,
        "errors": 0,
        "items": 3000,
        "totalMs": 2843.1475530000002,
        "itemsPerCall": 2.6833631484794274,
        "itemsPerSecond": 1055.1685918778624,
        "latency": {
          "samples": 1118,
          "p50Ms": 2.5189589999999997,
          "p95Ms": 4.030125,
          "p99Ms": 5.693833,
          "maxMs": 18.146042
        }
      },
      "claim_workflow_tasks": {
        "calls": 1118,
        "errors": 0,
        "items": 7903,
        "totalMs": 5726.505089,
        "itemsPerCall": 7.068872987477639,
        "itemsPerSecond": 1380.0738630584322,
        "latency": {
          "samples": 1118,
          "p50Ms": 4.96375,
          "p95Ms": 6.300333,
          "p99Ms": 14.768082999999999,
          "maxMs": 51.368667
        }
      },
      "commit_workflow_tasks": {
        "calls": 1060,
        "errors": 0,
        "items": 7903,
        "totalMs": 36242.436922,
        "itemsPerCall": 7.45566037735849,
        "itemsPerSecond": 218.05928825946842,
        "latency": {
          "samples": 1060,
          "p50Ms": 33.01975,
          "p95Ms": 62.734833,
          "p99Ms": 84.103542,
          "maxMs": 126.172583
        }
      },
      "complete_activity_tasks": {
        "calls": 578,
        "errors": 0,
        "items": 3000,
        "totalMs": 2633.740829,
        "itemsPerCall": 5.190311418685121,
        "itemsPerSecond": 1139.064241616767,
        "latency": {
          "samples": 578,
          "p50Ms": 4.5991670000000004,
          "p95Ms": 5.832167,
          "p99Ms": 7.7415,
          "maxMs": 15.461208000000001
        }
      },
      "current_time": {
        "calls": 9021,
        "errors": 0,
        "items": 9021,
        "totalMs": 2.245702,
        "itemsPerCall": 1.0,
        "itemsPerSecond": 4017006.708815328,
        "latency": {
          "samples": 9021,
          "p50Ms": 0.00020800000000000001,
          "p95Ms": 0.0005,
          "p99Ms": 0.0006670000000000001,
          "maxMs": 0.0185
        }
      },
      "dispatch_child_workflow_starts": {
        "calls": 1118,
        "errors": 0,
        "items": 0,
        "totalMs": 0.284049,
        "itemsPerCall": 0.0,
        "itemsPerSecond": 0.0,
        "latency": {
          "samples": 1118,
          "p50Ms": 0.00025,
          "p95Ms": 0.000541,
          "p99Ms": 0.000709,
          "maxMs": 0.0020829999999999998
        }
      },
      "hydrate_payload": {
        "calls": 3012,
        "errors": 0,
        "items": 3012,
        "totalMs": 1.6170030000000002,
        "itemsPerCall": 1.0,
        "itemsPerSecond": 1862705.263997655,
        "latency": {
          "samples": 3012,
          "p50Ms": 0.000458,
          "p95Ms": 0.001083,
          "p99Ms": 0.001458,
          "maxMs": 0.010667
        }
      },
      "read_signal_inbox": {
        "calls": 1000,
        "errors": 0,
        "items": 1000,
        "totalMs": 656.082408,
        "itemsPerCall": 1.0,
        "itemsPerSecond": 1524.1987710787698,
        "latency": {
          "samples": 1000,
          "p50Ms": 0.619666,
          "p95Ms": 0.80475,
          "p99Ms": 1.3295,
          "maxMs": 6.800166
        }
      },
      "run_due_maintenance": {
        "calls": 1118,
        "errors": 0,
        "items": 1000,
        "totalMs": 4828.089704,
        "itemsPerCall": 0.8944543828264758,
        "itemsPerSecond": 207.12125525992505,
        "latency": {
          "samples": 1118,
          "p50Ms": 2.17975,
          "p95Ms": 11.342334000000001,
          "p99Ms": 17.242041999999998,
          "maxMs": 28.272291000000003
        }
      },
      "signal_workflow": {
        "calls": 1000,
        "errors": 0,
        "items": 1000,
        "totalMs": 1845.3456390000001,
        "itemsPerCall": 1.0,
        "itemsPerSecond": 541.9039007466937,
        "latency": {
          "samples": 1000,
          "p50Ms": 1.715584,
          "p95Ms": 2.523083,
          "p99Ms": 3.004625,
          "maxMs": 11.901375
        }
      },
      "start_workflow": {
        "calls": 1000,
        "errors": 0,
        "items": 1000,
        "totalMs": 1525.865449,
        "itemsPerCall": 1.0,
        "itemsPerSecond": 655.3657798958393,
        "latency": {
          "samples": 1000,
          "p50Ms": 1.423875,
          "p95Ms": 2.074958,
          "p99Ms": 2.620875,
          "maxMs": 8.064667
        }
      },
      "stream_history": {
        "calls": 2000,
        "errors": 0,
        "items": 24000,
        "totalMs": 907.5695860000001,
        "itemsPerCall": 12.0,
        "itemsPerSecond": 26444.253278447784,
        "latency": {
          "samples": 2000,
          "p50Ms": 0.44587499999999997,
          "p95Ms": 0.534917,
          "p99Ms": 0.5970840000000001,
          "maxMs": 1.050708
        }
      },
      "stream_history_for_replay": {
        "calls": 7903,
        "errors": 0,
        "items": 12060,
        "totalMs": 5045.638754,
        "itemsPerCall": 1.5260027837530052,
        "itemsPerSecond": 2390.183005162482,
        "latency": {
          "samples": 7903,
          "p50Ms": 0.6057499999999999,
          "p95Ms": 0.8015,
          "p99Ms": 1.719042,
          "maxMs": 6.191000000000001
        }
      }
    }
  },
  "postgresStats": {
    "walBytes": 30260044,
    "walBytesPerSecond": 4288503.150407852,
    "walRecords": 257357,
    "walRecordsPerSecond": 36473.05685608102,
    "walFpi": 146,
    "walBuffersFull": 0,
    "walWrite": 5909,
    "walSync": 5746,
    "walWriteTimeMs": 0.0,
    "walSyncTimeMs": 0.0,
    "xactCommit": 29289,
    "xactRollback": 0,
    "transactionsPerSecond": 4150.885199383569,
    "transactionsPerMixedAction": 3.661125,
    "transactionsPerWorkflow": 29.289,
    "rowsReturned": 9237319,
    "rowsFetched": 250344,
    "rowsInserted": 32869,
    "rowsUpdated": 42081,
    "rowsDeleted": 2000,
    "blocksRead": 48,
    "blocksHit": 2033088,
    "blockCacheHitRatio": 0.9999763911514036,
    "tempFiles": 2,
    "tempBytes": 6299076,
    "deadlocks": 0,
    "blockReadTimeMs": 0.0,
    "blockWriteTimeMs": 0.0,
    "activeTimeMs": 10343.182999999728,
    "sessionTimeMs": 90539.0390000008,
    "activeConnectionsAfter": 1,