{
  "backend": "postgres",
  "mode": "mixed",
  "correct": true,
  "options": {
    "mode": "mixed",
    "workflows": 1000,
    "workflowOffset": 0,
    "workers": 10,
    "shards": 100,
    "physicalPartitions": 16,
    "activationConcurrency": 8,
    "activationPrefetchLimit": 32,
    "activityDelayMs": 0,
    "batch": 32,
    "activityCompletionBatch": 32,
    "maxRounds": 10000,
    "keepDb": false,
    "postgresPoolSize": 24,
    "json": true
  },
  "elapsedMs": 11886.887250000002,
  "setupMs": 3748.3288749999997,
  "processingMs": 7685.582208999999,
  "verifyMs": 452.97616600000003,
  "rounds": 8,
  "activations": 7865,
  "completedWorkflows": 1000,
  "mixedActions": 8000,
  "activationsPerSecond": 661.6534534724386,
  "mixedActionsPerSecond": 673.0105057570895,
  "workflowsPerSecond": 84.12631321963619,
  "processingActivationsPerSecond": 1023.3447234212,
  "processingMixedActionsPerSecond": 1040.9100810387285,
  "processingWorkflowsPerSecond": 130.11376012984107,
  "counters": {
    "workflowStarts": 1000,
    "signals": 1000,
    "childStarts": 1000,
    "childCompletions": 1000,
    "timerHandlers": 1000,
    "bootActivities": 1000,
    "childActivities": 1000,
    "finishActivities": 1000,
    "workflowTasks": 7865,
    "activityTasks": 3000,
    "timersFired": 1000,
    "activitiesTimedOut": 0,
    "childWorkflowStartsDispatched": 0
  },
  "workerStats": {
    "workflowTasks": 7865,
    "activityTasks": 3000,
    "timersFired": 1000,
    "activitiesTimedOut": 0,
    "childWorkflowStartsDispatched": 0
  },
  "backendMetrics": {
    "workflowTaskCommitLatency": {
      "samples": 1041,
      "p50Ms": 42.045167,
      "p95Ms": 61.2595,
      "p99Ms": 75.575166,
      "maxMs": 95.470833
    },
    "operations": {
      "claim_activity_tasks": {
        "calls": 1098,
        "errors": 0,
        "items": 3000,
        "totalMs": 2804.878251,
        "itemsPerCall": 2.73224043715847,
        "itemsPerSecond": 1069.565140280308,
        "latency": {
          "samples": 1098,
          "p50Ms": 2.836375,
          "p95Ms": 4.000375,
          "p99Ms": 4.479625,
          "maxMs": 10.698667
        }
      },
      "claim_workflow_tasks": {
        "calls": 1098,
        "errors": 0,
        "items": 7914,
        "totalMs": 5510.210494,
        "itemsPerCall": 7.2076502732240435,
        "itemsPerSecond": 1436.2427730514935,
        "latency": {
          "samples": 1098,
          "p50Ms": 5.103916,
          "p95Ms": 5.998417,
          "p99Ms": 14.174333,
          "maxMs": 26.384
        }
      },
      "commit_workflow_tasks": {
        "calls": 1041,
        "errors": 0,
        "items": 7914,
        "totalMs": 43518.328292,
        "itemsPerCall": 7.6023054755043225,
        "itemsPerSecond": 181.8544119364722,
        "latency": {
          "samples": 1041,
          "p50Ms": 42.045167,
          "p95Ms": 61.2595,
          "p99Ms": 75.575166,
          "maxMs": 95.470833
        }
      },
      "complete_activity_tasks": {
        "calls": 586,
        "errors": 0,
        "items": 3000,
        "totalMs": 2724.9690429999996,
        "itemsPerCall": 5.1194539249146755,
        "itemsPerSecond": 1100.929938160769,
        "latency": {
          "samples": 586,
          "p50Ms": 4.704917,
          "p95Ms": 5.572125,
          "p99Ms": 6.256832999999999,
          "maxMs": 6.7064580000000005
        }
      },
      "current_time": {
        "calls": 9012,
        "errors": 0,
        "items": 9012,
        "totalMs": 2.513512,
        "itemsPerCall": 1.0,
        "itemsPerSecond": 3585421.513802202,
        "latency": {
          "samples": 9012,
          "p50Ms": 0.00025,
          "p95Ms": 0.000541,
          "p99Ms": 0.00075,
          "maxMs": 0.019125
        }
      },
      "dispatch_child_workflow_starts": {
        "calls": 1098,
        "errors": 0,
        "items": 0,
        "totalMs": 0.290663,
        "itemsPerCall": 0.0,
        "itemsPerSecond": 0.0,
        "latency": {
          "samples": 1098,
          "p50Ms": 0.00025,
          "p95Ms": 0.000542,
          "p99Ms": 0.00075,
          "maxMs": 0.001
        }
      },
      "hydrate_payload": {
        "calls": 3049,
        "errors": 0,
        "items": 3049,
        "totalMs": 1.860836,
        "itemsPerCall": 1.0,
        "itemsPerSecond": 1638510.862859489,
        "latency": {
          "samples": 3049,
          "p50Ms": 0.0005,
          "p95Ms": 0.001209,
          "p99Ms": 0.001583,
          "maxMs": 0.011208000000000001
        }
      },
      "read_signal_inbox": {
        "calls": 1000,
        "errors": 0,
        "items": 1000,
        "totalMs": 636.172889,
        "itemsPerCall": 1.0,
        "itemsPerSecond": 1571.899741864039,
        "latency": {
          "samples": 1000,
          "p50Ms": 0.626416,
          "p95Ms": 0.7928339999999999,
          "p99Ms": 0.90825,
          "maxMs": 3.068834
        }
      },
      "run_due_maintenance": {
        "calls": 1098,
        "errors": 0,
        "items": 1000,
        "totalMs": 4801.289079,
        "itemsPerCall": 0.9107468123861566,
        "itemsPerSecond": 208.27739874564634,
        "latency": {
          "samples": 1098,
          "p50Ms": 2.152292,
          "p95Ms": 11.634125000000001,
          "p99Ms": 15.872582999999999,
          "maxMs": 22.971625
        }
      },
      "signal_workflow": {
        "calls": 1000,
        "errors": 0,
        "items": 1000,
        "totalMs": 2044.5755820000002,
        "itemsPerCall": 1.0,
        "itemsPerSecond": 489.0990623207002,
        "latency": {
          "samples": 1000,
          "p50Ms": 1.9414580000000001,
          "p95Ms": 2.670792,
          "p99Ms": 3.269541,
          "maxMs": 16.403125
        }
      },
      "start_workflow": {
        "calls": 1000,
        "errors": 0,
        "items": 1000,
        "totalMs": 1696.3582999999999,
        "itemsPerCall": 1.0,
        "itemsPerSecond": 589.498103083529,
        "latency": {
          "samples": 1000,
          "p50Ms": 1.609,
          "p95Ms": 2.238208,
          "p99Ms": 2.834834,
          "maxMs": 11.0365
        }
      },
      "stream_history": {
        "calls": 2000,
        "errors": 0,
        "items": 24000,
        "totalMs": 912.4804800000001,
        "itemsPerCall": 12.0,
        "itemsPerSecond": 26301.932508189104,
        "latency": {
          "samples": 2000,
          "p50Ms": 0.449334,
          "p95Ms": 0.534625,
          "p99Ms": 0.578791,
          "maxMs": 0.647583
        }
      },
      "stream_history_for_replay": {
        "calls": 7914,
        "errors": 0,
        "items": 12245,
        "totalMs": 4935.055904000001,
        "itemsPerCall": 1.5472580237553701,
        "itemsPerSecond": 2481.228224805941,
        "latency": {
          "samples": 7914,
          "p50Ms": 0.615958,
          "p95Ms": 0.7717499999999999,
          "p99Ms": 0.88625,
          "maxMs": 3.493833
        }
      }
    }
  },
  "postgresStats": {
    "walBytes": 30291785,
    "walBytesPerSecond": 3941378.0473947176,
    "walRecords": 257706,
    "walRecordsPerSecond": 33531.09666802082,
    "walFpi": 146,
    "walBuffersFull": 0,
    "walWrite": 5861,
    "walSync": 5713,
    "walWriteTimeMs": 0.0,
    "walSyncTimeMs": 0.0,
    "xactCommit": 29258,
    "xactRollback": 0,
    "transactionsPerSecond": 3806.86839387889,
    "transactionsPerMixedAction": 3.65725,
    "transactionsPerWorkflow": 29.258,
    "rowsReturned": 9100154,
    "rowsFetched": 247761,
    "rowsInserted": 32838,
    "rowsUpdated": 42041,
    "rowsDeleted": 2000,
    "blocksRead": 48,
    "blocksHit": 1949831,
    "blockCacheHitRatio": 0.9999753830878737,
    "tempFiles": 2,
    "tempBytes": 6393902,
    "deadlocks": 0,
    "blockReadTimeMs": 0.0,
    "blockWriteTimeMs": 0.0,
    "activeTimeMs": 10070.398000000045,
    "sessionTimeMs": 97834.75,
    "activeConnectionsAfter": 1,
    "activitySamples": {
      "samples": 116,
      "maxConnections": 10,
      "maxActive": 4,
      "maxIdle": 10,