{
  "backend": "postgres",
  "mode": "mixed",
  "correct": true,
  "options": {
    "mode": "mixed",
    "workflows": 1000,
    "workflowOffset": 0,
    "workers": 10,
    "shards": 100,
    "physicalPartitions": 16,
    "activationConcurrency": 8,
    "activationPrefetchLimit": 32,
    "activityDelayMs": 0,
    "batch": 32,
    "activityCompletionBatch": 1,
    "maxRounds": 10000,
    "keepDb": false,
    "postgresPoolSize": 24,
    "json": true
  },
  "elapsedMs": 13327.086333000001,
  "setupMs": 3306.333083,
  "processingMs": 9639.37675,
  "verifyMs": 381.3765,
  "rounds": 8,
  "activations": 7874,
  "completedWorkflows": 1000,
  "mixedActions": 8000,
  "activationsPerSecond": 590.8268171492755,
  "mixedActionsPerSecond": 600.2812467861575,
  "workflowsPerSecond": 75.03515584826968,
  "processingActivationsPerSecond": 816.8577911429802,
  "processingMixedActionsPerSecond": 829.9291756596192,
  "processingWorkflowsPerSecond": 103.7411469574524,
  "counters": {
    "workflowStarts": 1000,
    "signals": 1000,
    "childStarts": 1000,
    "childCompletions": 1000,
    "timerHandlers": 1000,
    "bootActivities": 1000,
    "childActivities": 1000,
    "finishActivities": 1000,
    "workflowTasks": 7874,
    "activityTasks": 3000,
    "timersFired": 1000,
    "activitiesTimedOut": 0,
    "childWorkflowStartsDispatched": 0
  },
  "workerStats": {
    "workflowTasks": 7874,
    "activityTasks": 3000,
    "timersFired": 1000,
    "activitiesTimedOut": 0,
    "childWorkflowStartsDispatched": 0
  },
  "backendMetrics": {
    "workflowTaskCommitLatency": {
      "samples": 1051,
      "p50Ms": 46.773165999999996,
      "p95Ms": 65.907667,
      "p99Ms": 85.07733300000001,
      "maxMs": 108.925041
    },
    "operations": {
      "claim_activity_tasks": {
        "calls": 1109,
        "errors": 0,
        "items": 3000,
        "totalMs": 2753.8845910000005,
        "itemsPerCall": 2.7051397655545535,
        "itemsPerSecond": 1089.3702698378618,
        "latency": {
          "samples": 1109,
          "p50Ms": 2.8471249999999997,
          "p95Ms": 3.773625,
          "p99Ms": 4.286625,
          "maxMs": 8.845
        }
      },
      "claim_workflow_tasks": {
        "calls": 1109,
        "errors": 0,
        "items": 7922,
        "totalMs": 11885.157576,
        "itemsPerCall": 7.143372407574391,
        "itemsPerSecond": 666.5456431134827,
        "latency": {
          "samples": 1109,
          "p50Ms": 11.613416999999998,
          "p95Ms": 12.927083000000001,
          "p99Ms": 21.427459,
          "maxMs": 43.265375
        }
      },
      "commit_workflow_tasks": {
        "calls": 1051,
        "errors": 0,
        "items": 7922,
        "totalMs": 48241.549343000006,
        "itemsPerCall": 7.537583254043768,
        "itemsPerSecond": 164.21528968056467,
        "latency": {
          "samples": 1051,
          "p50Ms": 46.773165999999996,
          "p95Ms": 65.907667,
          "p99Ms": 85.07733300000001,
          "maxMs": 108.925041
        }
      },
      "complete_activity": {
        "calls": 3000,
        "errors": 0,
        "items": 3000,
        "totalMs": 12017.607983,
        "itemsPerCall": 1.0,
        "itemsPerSecond": 249.6337044979145,
        "latency": {
          "samples": 3000,
          "p50Ms": 4.0167090000000005,
          "p95Ms": 4.77675,
          "p99Ms": 5.560541,
          "maxMs": 16.514625000000002
        }
      },
      "current_time": {
        "calls": 9031,
        "errors": 0,
        "items": 9031,
        "totalMs": 1.860507,
        "itemsPerCall": 1.0,
        "itemsPerSecond": 4854053.223126815,
        "latency": {
          "samples": 9031,
          "p50Ms": 0.00020800000000000001,
          "p95Ms": 0.000375,
          "p99Ms": 0.000458,
          "maxMs": 0.003292
        }
      },
      "dispatch_child_workflow_starts": {
        "calls": 1109,
        "errors": 0,
        "items": 0,
        "totalMs": 0.203261,
        "itemsPerCall": 0.0,
        "itemsPerSecond": 0.0,
        "latency": {
          "samples": 1109,
          "p50Ms": 0.000167,
          "p95Ms": 0.000334,
          "p99Ms": 0.000417,
          "maxMs": 0.005084
        }
      },
      "hydrate_payload": {
        "calls": 3048,
        "errors": 0,
        "items": 3048,
        "totalMs": 1.533294,
        "itemsPerCall": 1.0,
        "itemsPerSecond": 1987877.080325104,
        "latency": {
          "samples": 3048,
          "p50Ms": 0.000458,
          "p95Ms": 0.000958,
          "p99Ms": 0.0012079999999999999,
          "maxMs": 0.015000000000000001
        }
      },
      "read_signal_inbox": {
        "calls": 1000,
        "errors": 0,
        "items": 1000,
        "totalMs": 597.9328849999999,
        "itemsPerCall": 1.0,
        "itemsPerSecond": 1672.4285034097097,
        "latency": {
          "samples": 1000,
          "p50Ms": 0.5918749999999999,
          "p95Ms": 0.731917,
          "p99Ms": 0.820542,
          "maxMs": 4.003875
        }
      },
      "run_due_maintenance": {
        "calls": 1109,
        "errors": 0,
        "items": 1000,
        "totalMs": 4475.842945,
        "itemsPerCall": 0.9017132551848512,
        "itemsPerSecond": 223.4216017604255,
        "latency": {
          "samples": 1109,
          "p50Ms": 1.9938339999999999,
          "p95Ms": 10.010667,
          "p99Ms": 13.839083,
          "maxMs": 22.311999999999998
        }
      },
      "signal_workflow": {
        "calls": 1000,
        "errors": 0,
        "items": 1000,
        "totalMs": 1793.08359,
        "itemsPerCall": 1.0,
        "itemsPerSecond": 557.6984840957693,
        "latency": {
          "samples": 1000,
          "p50Ms": 1.7005,
          "p95Ms": 2.449042,
          "p99Ms": 3.051125,
          "maxMs": 5.405875
        }
      },
      "start_workflow": {
        "calls": 1000,
        "errors": 0,
        "items": 1000,
        "totalMs": 1510.2475069999998,
        "itemsPerCall": 1.0,
        "itemsPerSecond": 662.1431224782681,
        "latency": {
          "samples": 1000,
          "p50Ms": 1.4100840000000001,
          "p95Ms": 1.993125,
          "p99Ms": 2.9867079999999997,
          "maxMs": 11.541083
        }
      },
      "stream_history": {
        "calls": 2000,
        "errors": 0,
        "items": 24000,
        "totalMs": 761.769383,
        "itemsPerCall": 12.0,
        "itemsPerSecond": 31505.59806628511,
        "latency": {
          "samples": 2000,
          "p50Ms": 0.373583,
          "p95Ms": 0.442959,
          "p99Ms": 0.504,
          "maxMs": 1.350916
        }
      },
      "stream_history_for_replay": {
        "calls": 7922,
        "errors": 0,
        "items": 12240,
        "totalMs": 4643.5539180000005,
        "itemsPerCall": 1.5450643776824033,
        "itemsPerSecond": 2635.9121087306817,
        "latency": {
          "samples": 7922,
          "p50Ms": 0.579042,
          "p95Ms": 0.706709,
          "p99Ms": 0.803166,
          "maxMs": 4.748208
        }
      }
    }
  },
  "postgresStats": {
    "walBytes": 30355219,
    "walBytesPerSecond": 3149085.2352046515,
    "walRecords": 260088,
    "walRecordsPerSecond": 26981.82742986988,
    "walFpi": 249,
    "walBuffersFull": 0,
    "walWrite": 8217,
    "walSync": 8099,
    "walWriteTimeMs": 0.0,
    "walSyncTimeMs": 0.0,
    "xactCommit": 31761,
    "xactRollback": 0,
    "transactionsPerSecond": 3294.9225685156457,
    "transactionsPerMixedAction": 3.970125,
    "transactionsPerWorkflow": 31.761,
    "rowsReturned": 8806115,
    "rowsFetched": 230028,
    "rowsInserted": 32881,
    "rowsUpdated": 42243,
    "rowsDeleted": 2000,
    "blocksRead": 376,
    "blocksHit": 1861399,
    "blockCacheHitRatio": 0.9997980421909199,
    "tempFiles": 0,
    "tempBytes": 0,
    "deadlocks": 0,
    "blockReadTimeMs": 0.0,
    "blockWriteTimeMs": 0.0,
    "activeTimeMs": 11153.354999999981,
    "sessionTimeMs": 117271.66000000015,
    "activeConnectionsAfter": 1,